user_id,registration_date,city,age
1,2026-03-17 22:03:02,Санкт-Петербург,19
2,2026-08-10 04:52:16,Екатеринбург,33
3,2026-08-24 19:52:27,Новосибирск,26
4,2026-07-29 05:04:02,Санкт-Петербург,61
5,2025-11-01 03:51:54,Уфа,23
6,2026-06-10 05:08:55,Красноярск,45
7,2025-12-22 07:06:17,Москва,19
8,2026-05-21 05:33:27,Санкт-Петербург,31
9,2026-04-23 22:25:19,Новосибирск,50
10,2026-05-02 00:07:30,Красноярск,19
11,2026-08-31 06:12:57,Уфа,30
12,2026-04-15 18:11:29,Уфа,44
13,2026-05-29 13:32:25,Новосибирск,46
14,2026-02-08 01:36:38,Красноярск,35
15,2026-05-06 02:14:21,Москва,66
16,2025-12-02 02:57:12,Казань,62
17,2025-12-26 05:03:32,Ростов-на-Дону,39
18,2025-10-10 00:48:33,Екатеринбург,27
19,2025-10-12 22:37:17,Новосибирск,66
20,2026-07-19 05:09:30,Нижний Новгород,24
21,2025-10-26 01:31:32,Санкт-Петербург,42
22,2025-09-17 16:31:32,Санкт-Петербург,40
23,2026-08-04 02:22:09,Нижний Новгород,56
24,2026-08-31 20:33:49,Екатеринбург,69
25,2026-04-27 00:54:36,Москва,64
26,2026-07-18 13:03:53,Самара,52
27,2026-06-21 21:45:29,Санкт-Петербург,42
28,2025-10-03 21:56:01,Санкт-Петербург,53
29,2026-02-11 18:20:57,Екатеринбург,58
30,2025-11-13 03:35:23,Красноярск,41
31,2026-08-26 03:41:28,Красноярск,30
32,2026-07-15 03:58:30,Санкт-Петербург,20
33,2026-08-31 05:20:58,Новосибирск,67
34,2026-04-07 06:06:01,Екатеринбург,23
35,2025-10-30 08:10:03,Новосибирск,24
36,2026-08-07 16:57:36,Ростов-на-Дону,35
37,2026-08-08 13:03:03,Самара,58
38,2026-05-09 02:48:01,Нижний Новгород,28
39,2026-09-03 01:19:25,Нижний Новгород,40
40,2026-06-28 03:58:42,Новосибирск,60
41,2025-09-19 03:28:15,Екатеринбург,62
42,2026-08-31 18:52:42,Санкт-Петербург,56
43,2025-09-30 07:20:48,Казань,52
44,2026-05-24 15:23:33,Новосибирск,28
45,2026-02-24 14:11:40,Самара,42
46,2026-04-06 07:22:15,Екатеринбург,58
47,2026-05-06 21:44:35,Уфа,32
48,2026-06-29 20:06:57,Нижний Новгород,67
49,2026-04-06 15:40:29,Москва,32
50,2025-09-20 18:49:18,Москва,69
51,2025-10-22 15:07:13,Нижний Новгород,43
52,2026-03-24 02:43:45,Екатеринбург,22
53,2025-10-10 03:42:18,Новосибирск,54
54,2026-04-20 15:53:38,Нижний Новгород,31
55,2026-08-04 04:19:42,Самара,43
56,2026-04-26 23:14:50,Самара,27
57,2025-09-24 07:55:46,Екатеринбург,26
58,2025-09-13 01:19:55,Новосибирск,65
59,2025-11-20 08:53:01,Уфа,52
60,2026-01-21 05:17:38,Екатеринбург,65
61,2026-07-19 01:02:07,Красноярск,45
62,2025-10-05 02:36:00,Красноярск,43
63,2026-01-03 04:02:36,Нижний Новгород,32
64,2026-08-20 00:27:57,Казань,50
65,2026-04-14 12:25:03,Самара,23
66,2026-05-10 20:08:38,Москва,25
67,2026-07-03 14:30:59,Казань,58
68,2025-09-28 08:49:31,Казань,68
69,2026-01-02 00:47:20,Ростов-на-Дону,56
70,2025-09-23 06:11:15,Санкт-Петербург,42
71,2026-05-05 04:25:00,Ростов-на-Дону,56
72,2025-11-27 22:30:14,Самара,51
73,2026-02-17 18:21:56,Екатеринбург,53
74,2026-07-16 08:43:27,Москва,61
75,2025-12-28 08:10:45,Санкт-Петербург,61
76,2026-05-17 14:40:39,Уфа,66
77,2025-11-06 07:21:54,Екатеринбург,67
78,2026-08-27 14:45:03,Нижний Новгород,25
79,2026-06-09 13:00:10,Екатеринбург,45
80,2025-12-09 03:03:04,Казань,47
81,2026-05-01 02:38:01,Москва,64
82,2026-01-21 11:58:19,Екатеринбург,50
83,2025-09-11 21:39:46,Казань,50
84,2026-02-05 00:16:22,Санкт-Петербург,58
85,2026-06-14 08:19:25,Екатеринбург,58
86,2026-08-21 16:25:05,Уфа,56
87,2026-01-24 05:52:43,Новосибирск,27
88,2025-12-18 23:42:31,Нижний Новгород,66
89,2026-07-13 17:09:05,Казань,52
90,2026-02-07 15:58:55,Уфа,18
91,2025-10-05 11:11:47,Красноярск,38
92,2026-06-13 20:40:25,Самара,19
93,2026-01-28 22:30:18,Санкт-Петербург,41
94,2025-09-18 12:43:02,Екатеринбург,33
95,2026-03-23 12:35:16,Москва,33
96,2025-11-21 14:35:15,Красноярск,23
97,2026-04-11 08:56:04,Санкт-Петербург,64
98,2025-12-02 07:41:51,Самара,70
99,2026-04-01 01:07:50,Санкт-Петербург,66
100,2026-01-16 17:32:45,Уфа,67
101,2026-01-31 03:54:44,Казань,26
102,2026-02-26 09:51:59,Самара,53
103,2025-12-06 07:08:55,Казань,34
104,2026-04-24 23:18:01,Уфа,56
105,2025-09-25 07:33:05,Ростов-на-Дону,31
106,2026-05-21 20:42:52,Уфа,66
107,2026-03-30 00:16:41,Новосибирск,63
108,2026-06-30 01:49:04,Екатеринбург,43
109,2026-09-05 08:25:46,Нижний Новгород,46
110,2025-09-19 16:05:00,Уфа,46
111,2026-08-24 16:04:20,Санкт-Петербург,33
112,2025-09-09 01:40:25,Новосибирск,22
113,2026-02-12 10:51:10,Нижний Новгород,19
114,2026-08-06 02:17:18,Красноярск,53
115,2025-11-21 01:48:39,Новосибирск,55
116,2026-08-06 15:56:07,Новосибирск,18
117,2025-11-12 09:46:45,Санкт-Петербург,63
118,2025-09-25 22:54:13,Москва,32
119,2025-12-20 01:30:53,Санкт-Петербург,20
120,2025-12-27 00:45:37,Нижний Новгород,22
121,2026-01-16 07:31:23,Уфа,33
122,2026-01-06 20:37:37,Екатеринбург,60
123,2025-10-15 00:06:43,Самара,31
124,2025-12-05 10:27:02,Уфа,26
125,2026-07-19 00:42:08,Красноярск,54
126,2026-08-02 18:46:57,Самара,33
127,2026-07-28 13:04:36,Самара,69
128,2026-07-04 02:15:02,Ростов-на-Дону,30
129,2026-02-04 21:04:18,Санкт-Петербург,24
130,2025-09-25 09:35:37,Ростов-на-Дону,40
131,2026-07-18 10:36:56,Ростов-на-Дону,44
132,2025-11-30 14:24:26,Самара,64
133,2026-03-27 11:03:16,Москва,61
134,2026-02-14 15:23:47,Санкт-Петербург,21
135,2026-07-04 17:29:28,Ростов-на-Дону,64
136,2026-07-16 02:36:33,Нижний Новгород,69
137,2025-10-23 18:06:19,Санкт-Петербург,33
138,2026-02-10 08:42:28,Новосибирск,30
139,2025-12-30 15:23:22,Уфа,46
140,2026-04-14 20:45:43,Казань,45
141,2025-12-05 22:56:25,Казань,35
142,2026-02-14 21:04:06,Самара,33
143,2026-08-02 02:12:49,Санкт-Петербург,46
144,2026-06-21 09:48:30,Уфа,24
145,2026-03-05 13:09:58,Москва,59
146,2025-09-21 19:27:39,Уфа,18
147,2025-10-01 09:47:06,Санкт-Петербург,66
148,2026-03-15 16:47:34,Новосибирск,28
149,2026-01-09 01:21:13,Ростов-на-Дону,49
150,2026-03-06 21:22:36,Самара,31
151,2026-03-21 13:35:57,Ростов-на-Дону,21
152,2026-08-16 08:31:24,Казань,42
153,2026-05-10 07:35:10,Москва,42
154,2026-08-23 01:07:55,Екатеринбург,68
155,2026-08-20 17:32:27,Самара,36
156,2026-01-04 07:04:02,Ростов-на-Дону,62
157,2025-12-14 12:14:04,Уфа,60
158,2026-07-10 08:07:23,Самара,27
159,2026-06-17 15:48:26,Новосибирск,36
160,2026-06-30 19:45:52,Новосибирск,21
161,2025-11-17 14:51:01,Красноярск,65
162,2026-06-03 21:56:27,Уфа,21
163,2025-10-03 00:58:27,Нижний Новгород,21
164,2026-01-05 16:56:25,Москва,55
165,2026-07-16 10:18:21,Самара,50
166,2025-12-21 19:24:03,Уфа,28
167,2025-11-14 06:42:42,Москва,50
168,2026-08-15 11:17:11,Санкт-Петербург,29
169,2025-11-14 05:21:33,Санкт-Петербург,56
170,2026-03-10 18:26:13,Санкт-Петербург,61
171,2026-04-11 08:21:48,Новосибирск,43
172,2025-10-07 18:16:43,Санкт-Петербург,54
173,2026-09-02 16:54:29,Новосибирск,55
174,2025-12-24 22:19:51,Красноярск,20
175,2026-08-16 15:55:43,Красноярск,23
176,2026-08-04 01:21:48,Ростов-на-Дону,60
177,2026-05-01 22:52:56,Красноярск,54
178,2026-08-15 11:56:00,Уфа,38
179,2026-08-29 14:51:25,Екатеринбург,31
180,2025-11-15 00:58:00,Нижний Новгород,33
181,2026-01-22 09:01:53,Екатеринбург,43
182,2026-03-25 01:22:14,Казань,60
183,2026-03-04 03:39:43,Екатеринбург,47
184,2026-02-24 23:58:35,Нижний Новгород,66
185,2026-01-30 17:15:41,Санкт-Петербург,18
186,2025-09-30 13:02:14,Самара,57
187,2025-10-19 20:02:07,Красноярск,24
188,2026-07-06 15:07:52,Санкт-Петербург,52
189,2026-01-05 06:11:19,Новосибирск,50
190,2025-12-24 18:08:56,Екатеринбург,26
191,2026-03-04 12:30:26,Нижний Новгород,22
192,2026-02-14 15:12:22,Новосибирск,41
193,2025-11-24 16:05:58,Екатеринбург,28
194,2026-04-21 04:39:43,Самара,52
195,2026-07-16 15:53:32,Екатеринбург,57
196,2026-08-20 00:53:14,Уфа,18
197,2026-04-11 19:16:29,Уфа,37
198,2026-07-13 08:27:53,Санкт-Петербург,26
199,2025-11-26 15:04:36,Екатеринбург,25
200,2026-01-24 16:30:46,Санкт-Петербург,65
201,2026-02-27 14:50:08,Уфа,27
202,2026-04-14 02:47:54,Екатеринбург,36
203,2026-02-03 04:23:19,Красноярск,31
204,2025-11-22 02:08:55,Нижний Новгород,31
205,2026-05-23 10:14:11,Екатеринбург,50
206,2026-06-21 22:27:37,Самара,34
207,2026-03-04 23:42:46,Москва,23
208,2026-01-17 07:17:22,Ростов-на-Дону,35
209,2026-03-29 05:34:08,Москва,18
210,2025-10-31 22:15:09,Нижний Новгород,67
211,2026-08-20 05:07:42,Казань,58
212,2025-12-06 05:42:10,Екатеринбург,28
213,2026-03-18 08:48:48,Самара,53
214,2026-05-16 19:51:14,Ростов-на-Дону,53
215,2026-03-17 06:47:50,Москва,25
216,2026-07-13 04:10:08,Санкт-Петербург,62
217,2026-08-01 17:16:45,Казань,52
218,2025-12-23 14:23:53,Москва,41
219,2026-06-30 08:45:11,Красноярск,53
220,2026-03-21 18:12:40,Казань,45
221,2026-02-23 10:25:31,Казань,20
222,2025-12-31 13:16:57,Екатеринбург,41
223,2026-02-07 00:06:09,Москва,40
224,2026-03-26 00:35:12,Новосибирск,61
225,2026-03-31 22:39:12,Новосибирск,60
226,2026-08-01 02:49:59,Санкт-Петербург,40
227,2026-08-07 20:20:26,Уфа,44
228,2025-09-15 12:55:29,Красноярск,65
229,2026-01-22 21:57:59,Казань,33
230,2026-04-18 22:45:53,Казань,69
231,2026-07-10 04:26:40,Казань,44
232,2025-12-07 20:40:57,Москва,29
233,2026-05-09 06:47:34,Нижний Новгород,68
234,2026-06-29 18:49:18,Ростов-на-Дону,69
235,2026-07-09 05:19:43,Новосибирск,35
236,2025-09-11 14:44:35,Казань,68
237,2026-01-14 08:05:51,Санкт-Петербург,42
238,2025-09-10 17:58:43,Москва,48
239,2025-09-23 07:08:24,Новосибирск,30
240,2025-11-06 21:06:41,Самара,40
241,2026-01-05 10:37:15,Екатеринбург,70
242,2026-02-04 13:35:57,Новосибирск,32
243,2025-12-06 04:37:46,Москва,60
244,2025-11-20 14:49:38,Новосибирск,43
245,2025-10-22 07:24:17,Нижний Новгород,35
246,2026-05-03 17:02:47,Санкт-Петербург,67
247,2025-09-21 20:31:50,Екатеринбург,40
248,2026-06-17 22:40:31,Уфа,43
249,2026-07-31 17:58:39,Уфа,39
250,2026-04-15 00:26:05,Москва,25
251,2026-03-23 20:47:11,Екатеринбург,29
252,2026-07-01 02:00:19,Красноярск,34
253,2025-12-12 17:45:25,Москва,24
254,2026-08-31 19:40:04,Красноярск,45
255,2026-01-23 20:56:58,Нижний Новгород,64
256,2026-07-31 08:37:19,Нижний Новгород,45
257,2026-06-13 07:13:06,Красноярск,50
258,2026-04-06 05:40:49,Санкт-Петербург,42
259,2026-02-27 21:53:46,Красноярск,30
260,2026-05-22 06:58:21,Екатеринбург,20
261,2026-02-15 05:33:28,Ростов-на-Дону,18
262,2026-08-06 01:31:12,Уфа,69
263,2026-02-05 16:22:07,Уфа,61
264,2026-02-23 03:58:27,Новосибирск,41
265,2026-07-16 13:25:44,Ростов-на-Дону,22
266,2025-12-04 22:32:43,Нижний Новгород,57
267,2026-08-13 06:02:22,Нижний Новгород,60
268,2026-03-04 18:31:54,Санкт-Петербург,64
269,2025-10-15 11:46:31,Екатеринбург,50
270,2025-10-14 14:07:15,Екатеринбург,60
271,2025-12-05 11:02:53,Ростов-на-Дону,38
272,2025-10-27 04:30:16,Ростов-на-Дону,62
273,2026-05-23 12:09:38,Екатеринбург,53
274,2025-12-04 05:23:32,Казань,30
275,2026-06-16 09:20:21,Ростов-на-Дону,60
276,2026-02-15 22:49:04,Ростов-на-Дону,61
277,2026-01-17 07:50:28,Казань,57
278,2026-05-27 07:18:42,Красноярск,37
279,2026-04-15 19:58:27,Ростов-на-Дону,53
280,2025-11-13 01:39:03,Москва,37
281,2026-08-31 18:33:06,Екатеринбург,31
282,2026-07-20 23:09:10,Ростов-на-Дону,68
283,2026-04-23 22:39:52,Красноярск,56
284,2026-05-01 17:51:11,Нижний Новгород,47
285,2025-10-10 23:17:58,Самара,46
286,2026-03-20 06:12:18,Новосибирск,50
287,2026-08-03 09:07:40,Самара,68
288,2026-05-17 17:30:15,Казань,60
289,2026-08-20 23:06:54,Санкт-Петербург,36
290,2026-06-10 23:30:50,Уфа,60
291,2026-06-15 22:52:53,Красноярск,39
292,2026-02-23 08:55:12,Санкт-Петербург,70
293,2025-09-20 18:20:56,Новосибирск,61
294,2025-09-12 02:13:49,Екатеринбург,32
295,2026-07-05 09:19:09,Новосибирск,27
296,2025-11-03 05:50:19,Москва,20
297,2026-06-05 19:29:10,Новосибирск,48
298,2026-01-21 19:21:49,Красноярск,67
299,2025-09-15 06:10:22,Санкт-Петербург,47
300,2026-03-09 14:47:15,Ростов-на-Дону,58
301,2026-04-20 17:27:16,Красноярск,30
302,2026-07-21 05:13:52,Ростов-на-Дону,49
303,2025-10-31 08:17:30,Ростов-на-Дону,33
304,2026-04-19 06:28:57,Казань,59
305,2026-05-26 12:04:56,Москва,66
306,2025-10-31 20:45:09,Санкт-Петербург,67
307,2026-04-29 18:08:38,Ростов-на-Дону,32
308,2026-04-11 07:41:34,Казань,69
309,2026-02-08 23:53:08,Уфа,47
310,2025-12-17 08:04:32,Москва,53
311,2026-07-07 01:39:46,Новосибирск,25
312,2026-04-04 09:34:13,Самара,26
313,2026-04-24 03:11:20,Самара,60
314,2025-09-17 20:28:10,Уфа,53
315,2025-09-18 21:21:48,Красноярск,38
316,2025-09-23 13:23:31,Самара,57
317,2025-10-11 06:57:40,Уфа,45
318,2025-10-23 00:36:08,Уфа,46
319,2026-04-02 12:24:51,Казань,65
320,2025-12-18 06:27:24,Самара,46
321,2026-03-18 08:51:19,Екатеринбург,66
322,2026-09-06 21:33:19,Новосибирск,58
323,2026-01-18 16:49:01,Екатеринбург,67
324,2026-04-25 23:39:31,Уфа,49
325,2026-06-08 14:54:17,Новосибирск,35
326,2026-04-12 10:04:54,Самара,22
327,2025-10-10 20:40:42,Екатеринбург,33
328,2025-09-19 03:52:16,Екатеринбург,39
329,2026-01-26 01:20:42,Нижний Новгород,52
330,2026-06-04 21:23:40,Санкт-Петербург,26
331,2026-07-14 11:51:58,Казань,32
332,2026-02-14 09:45:56,Ростов-на-Дону,62
333,2026-05-28 04:59:48,Казань,63
334,2025-12-29 10:59:43,Новосибирск,22
335,2025-11-25 06:09:13,Ростов-на-Дону,44
336,2026-05-30 09:10:36,Нижний Новгород,52
337,2025-12-08 09:03:02,Самара,44
338,2026-03-29 14:12:30,Москва,31
339,2025-11-21 13:24:02,Ростов-на-Дону,42
340,2025-12-08 12:01:09,Красноярск,62
341,2025-10-10 05:05:33,Москва,66
342,2026-02-14 15:34:40,Красноярск,42
343,2026-08-30 11:15:46,Самара,18
344,2026-01-04 12:39:36,Нижний Новгород,37
345,2026-03-01 06:09:06,Ростов-на-Дону,44
346,2025-10-09 02:36:48,Уфа,65
347,2025-09-12 17:34:51,Уфа,69
348,2026-07-10 07:51:26,Красноярск,32
349,2026-01-12 21:06:23,Самара,32
350,2026-03-23 16:34:01,Екатеринбург,45
351,2025-10-25 16:25:35,Самара,19
352,2026-03-30 06:29:15,Ростов-на-Дону,39
353,2026-08-05 17:33:56,Ростов-на-Дону,64
354,2026-01-02 18:10:41,Казань,47
355,2026-01-17 01:57:31,Казань,57
356,2026-09-04 16:37:16,Уфа,19
357,2026-01-21 07:20:25,Ростов-на-Дону,55
358,2026-05-19 15:40:40,Красноярск,60
359,2025-09-19 08:59:56,Москва,23
360,2025-09-15 09:13:44,Ростов-на-Дону,26
361,2025-10-05 01:36:03,Самара,29
362,2025-10-12 12:28:25,Москва,34
363,2025-12-23 14:48:55,Ростов-на-Дону,38
364,2026-02-27 16:58:23,Новосибирск,47
365,2025-11-13 11:43:32,Нижний Новгород,39
366,2025-10-20 22:03:29,Ростов-на-Дону,35
367,2026-03-26 20:01:48,Ростов-на-Дону,34
368,2025-12-19 02:14:30,Санкт-Петербург,48
369,2026-06-09 12:51:51,Москва,65
370,2026-01-29 10:35:50,Уфа,21
371,2026-01-03 02:03:10,Нижний Новгород,32
372,2026-06-09 05:56:41,Санкт-Петербург,67
373,2025-11-17 17:57:40,Москва,66
374,2026-02-16 08:45:02,Москва,33
375,2026-05-12 16:57:11,Новосибирск,19
376,2026-02-11 07:13:54,Красноярск,27
377,2025-09-30 01:58:56,Новосибирск,26
378,2026-03-09 16:51:32,Самара,60
379,2026-07-08 01:41:44,Санкт-Петербург,54
380,2025-12-30 01:24:31,Новосибирск,47
381,2026-01-20 06:37:31,Екатеринбург,67
382,2025-09-22 10:39:05,Нижний Новгород,28
383,2025-12-11 14:12:24,Красноярск,56
384,2025-10-30 05:15:49,Санкт-Петербург,67
385,2026-03-13 13:54:07,Казань,37
386,2026-08-19 19:16:19,Санкт-Петербург,55
387,2025-10-10 01:32:08,Москва,37
388,2026-02-06 16:25:56,Красноярск,61
389,2025-09-13 15:18:05,Ростов-на-Дону,43
390,2026-01-16 02:09:32,Новосибирск,22
391,2026-01-16 23:32:27,Красноярск,62
392,2026-02-25 19:17:18,Новосибирск,24
393,2026-06-29 14:09:49,Екатеринбург,61
394,2026-03-15 06:53:40,Красноярск,69
395,2026-03-03 10:47:21,Санкт-Петербург,68
396,2025-12-09 00:32:20,Красноярск,68
397,2026-08-14 13:19:13,Москва,40
398,2026-01-13 02:00:35,Уфа,45
399,2026-07-27 19:40:21,Нижний Новгород,22
400,2025-10-20 15:07:46,Уфа,59
401,2026-08-02 02:44:53,Нижний Новгород,18
402,2026-09-05 23:59:29,Ростов-на-Дону,70
403,2025-10-22 12:48:12,Самара,24
404,2025-09-24 00:19:35,Ростов-на-Дону,41
405,2026-04-16 17:26:54,Самара,63
406,2025-09-19 17:25:44,Казань,45
407,2026-05-09 05:00:01,Казань,64
408,2026-01-10 17:16:52,Уфа,59
409,2025-11-13 09:36:53,Екатеринбург,57
410,2026-01-24 22:27:45,Уфа,67
411,2026-03-22 22:04:53,Самара,47
412,2025-12-02 21:38:39,Ростов-на-Дону,70
413,2026-09-06 05:30:50,Красноярск,35
414,2026-07-20 10:05:51,Нижний Новгород,33
415,2025-09-16 13:08:40,Санкт-Петербург,35
416,2026-07-06 21:29:24,Самара,33
417,2025-12-08 16:06:43,Самара,54
418,2025-11-19 07:51:14,Красноярск,60
419,2025-10-08 11:31:23,Ростов-на-Дону,39
420,2026-07-15 02:40:44,Москва,49
421,2026-03-24 16:12:19,Нижний Новгород,29
422,2026-02-03 05:15:08,Самара,31
423,2026-03-26 23:13:20,Нижний Новгород,69
424,2025-09-23 08:18:24,Екатеринбург,39
425,2026-05-08 13:45:32,Екатеринбург,56
426,2025-09-24 01:35:22,Екатеринбург,53
427,2026-04-09 20:52:22,Москва,51
428,2026-03-05 21:22:36,Новосибирск,23
429,2026-03-15 08:58:55,Новосибирск,64
430,2026-03-26 04:00:32,Ростов-на-Дону,49
431,2026-06-28 15:19:19,Уфа,66
432,2026-08-13 17:19:54,Новосибирск,62
433,2026-08-28 06:53:53,Самара,59
434,2025-10-12 08:46:43,Самара,46
435,2026-06-17 15:16:01,Москва,23
436,2026-04-29 00:44:31,Екатеринбург,32
437,2026-04-08 01:27:39,Ростов-на-Дону,62
438,2026-07-30 20:01:53,Новосибирск,37
439,2026-03-05 01:18:40,Красноярск,41
440,2026-08-05 16:15:55,Самара,53
441,2026-06-12 13:50:21,Уфа,40
442,2026-07-14 07:31:10,Ростов-на-Дону,65
443,2026-08-23 16:10:07,Уфа,39
444,2025-09-12 09:15:53,Нижний Новгород,62
445,2025-10-27 12:00:12,Самара,35
446,2026-04-11 13:55:11,Екатеринбург,34
447,2026-06-22 00:37:33,Новосибирск,25
448,2026-02-04 09:35:44,Новосибирск,38
449,2026-08-08 10:36:01,Санкт-Петербург,65
450,2026-01-16 11:16:36,Уфа,66
451,2025-11-15 16:39:05,Казань,30
452,2026-06-28 16:34:24,Новосибирск,65
453,2025-11-30 19:36:16,Самара,35
454,2026-04-19 22:57:22,Красноярск,66
455,2025-10-14 08:11:29,Уфа,56
456,2026-03-20 09:52:26,Екатеринбург,24
457,2025-11-10 21:27:29,Новосибирск,36
458,2026-06-01 18:15:26,Новосибирск,41
459,2026-05-01 18:04:56,Казань,37
460,2026-04-06 11:49:49,Москва,63
461,2025-12-04 06:37:35,Уфа,26
462,2026-03-10 10:35:42,Екатеринбург,20
463,2025-10-17 14:47:46,Москва,53
464,2026-05-26 00:43:19,Екатеринбург,62
465,2026-01-16 06:13:49,Казань,58
466,2026-05-14 22:38:06,Самара,24
467,2026-05-30 05:15:10,Москва,54
468,2026-04-17 08:07:07,Екатеринбург,48
469,2026-06-03 18:20:06,Самара,46
470,2026-07-20 00:36:56,Нижний Новгород,29
471,2026-02-01 13:06:14,Москва,34
472,2026-02-01 14:39:39,Самара,25
473,2025-11-02 18:57:30,Санкт-Петербург,43
474,2026-03-03 11:10:36,Самара,22
475,2025-12-28 03:43:29,Красноярск,58
476,2026-07-12 18:56:54,Москва,27
477,2026-07-23 23:55:05,Казань,69
478,2026-06-25 05:04:38,Красноярск,37
479,2025-10-08 21:27:24,Санкт-Петербург,33
480,2026-04-24 20:49:16,Санкт-Петербург,53
481,2026-08-17 04:50:51,Ростов-на-Дону,56
482,2025-11-26 01:30:55,Красноярск,68
483,2025-12-23 22:27:37,Красноярск,32
484,2026-05-01 23:57:16,Уфа,42
485,2025-09-12 23:01:22,Самара,46
486,2026-09-06 01:45:05,Екатеринбург,55
487,2026-07-18 11:12:48,Ростов-на-Дону,37
488,2026-04-19 14:10:35,Красноярск,57
489,2026-03-26 01:29:37,Москва,57
490,2026-07-14 06:14:13,Санкт-Петербург,66
491,2026-07-25 11:40:04,Новосибирск,58
492,2026-01-06 12:23:29,Новосибирск,34
493,2026-04-14 09:04:15,Санкт-Петербург,28
494,2025-12-31 02:47:28,Новосибирск,29
495,2025-10-21 04:57:38,Уфа,22
496,2025-09-21 14:25:27,Казань,18
497,2025-09-09 16:49:17,Ростов-на-Дону,46
498,2025-10-17 13:44:03,Красноярск,48
499,2026-04-11 23:54:48,Екатеринбург,20
500,2025-11-03 18:26:25,Новосибирск,36
501,2025-10-01 07:08:40,Екатеринбург,62
502,2026-06-21 18:39:47,Самара,22
503,2025-11-30 01:31:44,Новосибирск,34
504,2026-05-22 20:39:59,Красноярск,60
505,2026-02-07 15:36:43,Новосибирск,45
506,2026-03-25 19:27:25,Санкт-Петербург,52
507,2026-04-20 19:22:09,Новосибирск,59
508,2025-10-20 06:59:17,Казань,35
509,2026-04-23 10:26:26,Казань,22
510,2026-05-07 02:51:54,Москва,28
511,2026-01-08 12:08:31,Екатеринбург,56
512,2026-04-01 06:23:19,Красноярск,36
513,2026-04-01 04:38:05,Самара,25
514,2026-01-06 09:51:33,Самара,62
515,2026-07-05 13:53:57,Екатеринбург,62
516,2026-01-20 20:37:47,Ростов-на-Дону,35
517,2026-02-25 10:03:04,Уфа,52
518,2026-02-11 09:53:47,Самара,46
519,2026-01-04 14:05:52,Санкт-Петербург,56
520,2026-02-09 21:22:42,Москва,45
521,2026-05-06 11:49:33,Нижний Новгород,56
522,2026-02-04 15:01:03,Екатеринбург,19
523,2026-07-02 16:36:52,Санкт-Петербург,32
524,2026-04-19 17:42:02,Красноярск,55
525,2025-09-28 01:49:30,Москва,66
526,2025-09-09 16:40:00,Екатеринбург,54
527,2026-04-13 11:09:18,Москва,66
528,2026-06-06 03:39:47,Казань,48
529,2026-05-10 22:16:38,Уфа,59
530,2026-02-01 20:42:10,Самара,35
531,2026-03-05 06:38:11,Казань,55
532,2025-09-22 15:47:52,Ростов-на-Дону,58
533,2026-03-24 05:31:38,Самара,23
534,2026-05-06 15:08:20,Самара,40
535,2025-09-13 00:57:45,Ростов-на-Дону,39
536,2025-11-26 20:25:53,Нижний Новгород,60
537,2026-06-06 11:50:34,Санкт-Петербург,28
538,2026-06-19 21:41:27,Нижний Новгород,44
539,2026-02-08 15:02:37,Самара,36
540,2026-03-01 20:58:51,Ростов-на-Дону,70
541,2026-02-16 22:39:35,Уфа,20
542,2026-06-05 14:27:41,Самара,23
543,2026-03-23 19:54:38,Нижний Новгород,34
544,2026-07-06 11:46:29,Нижний Новгород,25
545,2026-08-28 09:27:15,Ростов-на-Дону,50
546,2026-07-26 04:34:28,Москва,60
547,2025-12-09 07:01:20,Уфа,47
548,2025-10-03 21:48:03,Ростов-на-Дону,21
549,2026-07-18 13:50:44,Новосибирск,51
550,2025-11-28 11:59:06,Нижний Новгород,57
551,2026-09-07 21:32:06,Самара,58
552,2025-10-11 04:08:13,Самара,66
553,2026-02-27 02:27:05,Москва,31
554,2026-05-02 10:53:16,Екатеринбург,53
555,2026-04-06 22:15:31,Казань,36
556,2026-06-08 10:26:49,Самара,62
557,2025-10-23 20:31:44,Самара,25
558,2026-04-29 02:37:41,Москва,58
559,2026-02-06 03:44:18,Красноярск,69
560,2025-10-09 04:37:11,Новосибирск,63
561,2026-02-06 09:55:33,Казань,37
562,2026-04-13 07:56:48,Уфа,18
563,2026-05-19 18:53:40,Уфа,44
564,2026-07-18 11:07:46,Санкт-Петербург,32
565,2025-09-13 02:14:43,Санкт-Петербург,47
566,2026-06-30 17:33:26,Санкт-Петербург,59
567,2025-12-19 18:13:28,Казань,49
568,2026-04-27 23:40:52,Екатеринбург,50
569,2026-07-15 00:23:16,Екатеринбург,44
570,2025-09-15 04:06:56,Самара,48
571,2026-08-31 11:14:17,Новосибирск,47
572,2025-12-22 20:56:33,Уфа,27
573,2026-02-06 09:16:48,Ростов-на-Дону,30
574,2026-02-20 08:38:35,Красноярск,50
575,2026-05-18 21:12:38,Казань,22
576,2026-05-13 07:13:49,Екатеринбург,67
577,2026-02-02 07:10:36,Ростов-на-Дону,39
578,2026-07-31 00:53:12,Уфа,35
579,2026-05-22 10:10:30,Москва,36
580,2026-02-15 09:53:49,Екатеринбург,55
581,2026-04-18 16:18:38,Красноярск,60
582,2026-05-04 15:26:09,Самара,27
583,2026-02-27 06:04:39,Самара,52
584,2026-01-19 15:05:58,Самара,40
585,2026-01-17 11:50:26,Нижний Новгород,53
586,2026-07-02 15:17:37,Уфа,42
587,2026-02-23 12:21:28,Самара,38
588,2026-02-14 06:43:45,Новосибирск,62
589,2026-05-20 13:12:00,Новосибирск,54
590,2026-03-17 09:09:24,Ростов-на-Дону,32
591,2026-02-19 06:58:48,Ростов-на-Дону,20
592,2025-09-14 16:23:26,Нижний Новгород,65
593,2026-03-10 15:23:42,Самара,63
594,2025-10-17 20:59:46,Ростов-на-Дону,42
595,2026-07-04 19:26:03,Казань,49
596,2025-09-30 07:35:33,Москва,26
597,2026-01-04 11:49:43,Уфа,55
598,2026-07-21 15:56:39,Нижний Новгород,24
599,2025-11-16 16:45:33,Самара,24
600,2025-10-03 17:44:53,Уфа,47
601,2026-01-06 21:11:56,Москва,64
602,2026-05-17 21:42:11,Казань,44
603,2026-05-05 03:42:02,Казань,22
604,2026-02-16 00:13:22,Самара,68
605,2025-12-24 10:08:58,Екатеринбург,39
606,2026-02-07 02:43:37,Красноярск,62
607,2026-04-30 06:43:11,Ростов-на-Дону,59
608,2025-11-09 19:04:29,Санкт-Петербург,39
609,2025-10-21 20:02:08,Уфа,42
610,2025-10-30 19:35:22,Нижний Новгород,58
611,2026-04-05 06:32:20,Самара,52
612,2026-08-12 05:36:19,Москва,57
613,2026-04-17 17:38:33,Санкт-Петербург,33
614,2026-07-06 14:46:23,Екатеринбург,32
615,2026-03-24 15:59:12,Санкт-Петербург,45
616,2025-10-19 23:55:46,Санкт-Петербург,66
617,2025-11-08 22:19:44,Санкт-Петербург,46
618,2026-08-01 01:26:32,Казань,62
619,2026-08-14 16:01:42,Екатеринбург,19
620,2026-02-16 22:40:04,Москва,38
621,2026-01-24 10:44:01,Москва,36
622,2026-03-09 14:25:50,Нижний Новгород,41
623,2025-09-10 14:44:49,Ростов-на-Дону,27
624,2025-12-10 16:24:01,Новосибирск,51
625,2025-12-26 13:20:11,Ростов-на-Дону,54
626,2025-12-25 11:08:17,Казань,28
627,2026-01-08 17:45:45,Казань,23
628,2025-12-05 03:37:31,Красноярск,42
629,2026-06-18 13:34:37,Красноярск,61
630,2026-01-16 20:44:01,Новосибирск,49
631,2025-09-21 01:25:59,Красноярск,27
632,2026-03-17 02:52:42,Новосибирск,47
633,2026-01-27 09:33:54,Екатеринбург,47
634,2026-05-16 20:56:47,Екатеринбург,60
635,2026-05-23 18:35:51,Москва,69
636,2025-11-27 12:59:55,Самара,36
637,2026-09-06 04:47:33,Уфа,28
638,2026-06-07 01:20:09,Санкт-Петербург,46
639,2026-03-22 11:19:49,Нижний Новгород,55
640,2025-10-23 07:15:16,Екатеринбург,58
641,2026-06-22 21:00:31,Ростов-на-Дону,62
642,2026-05-17 11:39:47,Екатеринбург,47
643,2026-09-04 12:17:54,Екатеринбург,30
644,2026-07-22 03:26:49,Ростов-на-Дону,48
645,2025-10-04 13:37:03,Санкт-Петербург,33
646,2025-11-26 13:38:28,Ростов-на-Дону,54
647,2025-10-14 08:05:39,Нижний Новгород,54
648,2025-12-22 16:24:38,Екатеринбург,62
649,2026-04-24 05:19:20,Екатеринбург,19
650,2026-01-24 21:06:57,Ростов-на-Дону,35
651,2026-03-06 07:54:57,Москва,54
652,2026-02-20 02:59:34,Москва,56
653,2026-02-21 11:13:02,Самара,36
654,2026-03-06 07:45:33,Новосибирск,56
655,2025-11-10 16:25:04,Нижний Новгород,32
656,2026-07-11 01:15:46,Новосибирск,57
657,2026-06-06 15:20:48,Екатеринбург,61
658,2026-01-26 22:51:28,Казань,58
659,2026-07-13 12:46:48,Санкт-Петербург,58
660,2025-10-16 09:10:51,Москва,37
661,2025-09-16 05:24:58,Самара,20
662,2025-12-24 23:14:28,Красноярск,41
663,2026-07-13 07:29:03,Казань,23
664,2026-01-17 11:06:38,Екатеринбург,38
665,2026-04-19 09:45:28,Ростов-на-Дону,29
666,2026-04-08 23:09:04,Новосибирск,26
667,2025-11-05 07:12:45,Уфа,41
668,2026-07-17 20:02:54,Уфа,50
669,2026-06-19 11:45:32,Екатеринбург,28
670,2025-10-17 03:40:15,Екатеринбург,70
671,2025-09-09 17:45:51,Самара,69
672,2026-01-08 22:32:22,Екатеринбург,65
673,2025-09-25 00:50:37,Нижний Новгород,69
674,2025-11-01 13:29:34,Санкт-Петербург,47
675,2026-08-21 20:24:08,Санкт-Петербург,27
676,2026-01-05 08:56:38,Новосибирск,61
677,2026-02-02 15:24:55,Ростов-на-Дону,69
678,2026-04-07 22:53:51,Уфа,41
679,2026-02-05 13:07:01,Санкт-Петербург,68
680,2025-09-28 15:38:34,Ростов-на-Дону,18
681,2026-03-23 08:25:00,Екатеринбург,52
682,2025-10-02 21:11:16,Санкт-Петербург,47
683,2026-01-13 13:44:35,Нижний Новгород,61
684,2025-12-21 21:36:10,Екатеринбург,55
685,2026-04-11 07:11:25,Ростов-на-Дону,70
686,2026-03-26 20:51:26,Нижний Новгород,24
687,2026-08-24 06:01:03,Новосибирск,48
688,2026-04-22 06:12:28,Москва,57
689,2026-02-20 05:15:02,Уфа,38
690,2025-11-06 13:26:42,Красноярск,32
691,2026-05-23 16:22:04,Санкт-Петербург,58
692,2025-11-23 01:55:06,Самара,62
693,2026-05-28 04:43:59,Екатеринбург,59
694,2026-05-07 23:59:55,Ростов-на-Дону,25
695,2025-12-21 15:31:00,Казань,20
696,2026-07-14 12:37:15,Москва,37
697,2025-10-19 18:01:49,Самара,25
698,2025-10-14 20:45:24,Санкт-Петербург,33
699,2026-03-06 21:14:12,Уфа,26
700,2026-03-25 08:36:38,Ростов-на-Дону,47
701,2026-03-27 08:04:05,Нижний Новгород,60
702,2025-12-01 07:52:15,Уфа,44
703,2026-03-14 11:10:27,Красноярск,65
704,2026-04-29 23:32:15,Казань,44
705,2025-10-13 20:54:50,Санкт-Петербург,49
706,2026-07-31 18:04:01,Красноярск,44
707,2026-05-06 20:41:26,Екатеринбург,20
708,2025-09-25 12:11:05,Нижний Новгород,31
709,2026-05-16 14:44:53,Самара,46
710,2025-10-08 02:03:06,Новосибирск,41
711,2025-10-07 22:25:33,Санкт-Петербург,61
712,2025-09-17 03:29:59,Нижний Новгород,52
713,2026-05-22 22:40:16,Нижний Новгород,21
714,2025-12-21 16:08:15,Ростов-на-Дону,35
715,2025-10-04 19:57:22,Новосибирск,25
716,2026-07-01 22:03:25,Самара,23
717,2026-01-20 22:15:22,Новосибирск,59
718,2025-12-16 09:33:42,Красноярск,19
719,2026-05-21 13:30:10,Москва,68
720,2025-10-14 15:38:41,Нижний Новгород,33
721,2026-05-24 16:05:36,Казань,68
722,2026-03-19 19:37:04,Красноярск,31
723,2026-02-19 00:36:33,Санкт-Петербург,66
724,2026-02-09 14:52:53,Уфа,31
725,2026-08-07 21:36:28,Красноярск,31
726,2025-12-27 02:18:15,Новосибирск,39
727,2026-05-29 13:26:29,Казань,68
728,2026-06-03 01:53:21,Красноярск,18
729,2026-07-16 10:49:01,Екатеринбург,27
730,2026-07-14 11:59:53,Казань,52
731,2026-04-30 11:40:04,Екатеринбург,69
732,2025-11-30 21:18:15,Казань,25
733,2026-08-13 19:32:47,Москва,26
734,2026-06-04 07:10:48,Москва,40
735,2025-12-02 18:04:29,Новосибирск,55
736,2026-06-07 20:01:01,Нижний Новгород,19
737,2025-10-26 02:06:10,Казань,34
738,2026-04-30 05:00:02,Москва,26
739,2026-05-06 01:11:16,Ростов-на-Дону,51
740,2026-07-07 20:13:35,Санкт-Петербург,65
741,2025-10-09 05:58:16,Санкт-Петербург,48
742,2026-03-09 03:15:30,Самара,67
743,2026-06-23 07:07:04,Нижний Новгород,50
744,2026-07-29 16:01:43,Красноярск,24
745,2025-09-23 21:32:57,Самара,50
746,2025-11-10 14:41:16,Новосибирск,57
747,2026-02-10 15:55:57,Москва,64
748,2026-09-01 02:59:51,Уфа,37
749,2026-07-08 03:03:12,Самара,59
750,2026-03-09 01:57:28,Москва,21
751,2026-02-26 12:59:03,Самара,43
752,2025-10-22 06:17:48,Ростов-на-Дону,61
753,2026-04-15 08:38:31,Санкт-Петербург,49
754,2026-02-18 01:00:30,Самара,22
755,2026-08-30 00:01:33,Санкт-Петербург,38
756,2026-02-15 09:07:19,Красноярск,27
757,2025-09-25 23:00:35,Санкт-Петербург,26
758,2025-12-02 12:12:55,Екатеринбург,57
759,2026-05-19 05:16:18,Красноярск,53
760,2026-05-04 06:01:37,Нижний Новгород,42
761,2026-09-06 02:48:12,Красноярск,51
762,2025-09-23 12:30:38,Екатеринбург,47
763,2026-06-30 23:36:38,Уфа,56
764,2026-05-27 19:20:11,Ростов-на-Дону,24
765,2026-05-02 09:37:08,Санкт-Петербург,59
766,2025-11-08 18:22:29,Уфа,64
767,2026-07-05 14:10:54,Новосибирск,45
768,2026-08-05 23:20:36,Самара,32
769,2026-03-15 06:56:17,Ростов-на-Дону,39
770,2026-04-25 06:56:51,Самара,43
771,2026-03-17 23:43:03,Ростов-на-Дону,64
772,2025-09-15 14:12:35,Санкт-Петербург,38
773,2026-05-06 09:35:40,Ростов-на-Дону,38
774,2026-03-04 04:14:22,Екатеринбург,41
775,2025-11-17 03:29:57,Казань,61
776,2026-03-18 19:22:59,Самара,22
777,2026-04-03 11:05:22,Санкт-Петербург,23
778,2025-12-29 10:28:16,Санкт-Петербург,45
779,2026-07-25 06:51:26,Санкт-Петербург,65
780,2026-03-21 03:41:44,Нижний Новгород,69
781,2026-04-30 23:34:09,Казань,53
782,2026-08-18 15:38:39,Москва,55
783,2025-10-25 02:40:41,Уфа,53
784,2025-10-28 05:43:09,Нижний Новгород,60
785,2026-08-05 06:11:25,Санкт-Петербург,44
786,2025-10-12 11:50:49,Нижний Новгород,60
787,2025-10-24 13:22:01,Ростов-на-Дону,64
788,2026-04-04 15:26:58,Москва,36
789,2025-12-30 16:42:00,Красноярск,37
790,2025-09-15 00:23:29,Нижний Новгород,24
791,2026-01-13 21:37:32,Красноярск,50
792,2026-04-27 22:44:56,Новосибирск,27
793,2025-10-06 16:09:14,Самара,32
794,2026-09-01 00:22:26,Санкт-Петербург,40
795,2025-09-18 11:31:59,Уфа,41
796,2026-06-22 03:41:30,Санкт-Петербург,66
797,2026-03-27 02:23:48,Екатеринбург,54
798,2026-04-03 18:50:52,Новосибирск,69
799,2025-09-24 08:48:29,Ростов-на-Дону,53
800,2026-01-06 03:40:40,Красноярск,57
801,2026-06-05 12:18:52,Уфа,19
802,2026-05-29 16:55:51,Красноярск,60
803,2025-09-09 17:16:34,Екатеринбург,19
804,2025-12-29 19:35:11,Казань,35
805,2026-01-23 09:58:20,Екатеринбург,39
806,2025-10-18 06:32:33,Нижний Новгород,18
807,2025-11-17 20:19:48,Казань,27
808,2025-12-11 09:37:52,Красноярск,60
809,2025-11-11 19:42:08,Ростов-на-Дону,22
810,2025-11-12 19:11:27,Казань,65
811,2026-08-18 10:40:45,Москва,23
812,2025-10-19 05:39:09,Уфа,31
813,2025-10-29 08:29:28,Ростов-на-Дону,44
814,2025-11-03 09:59:29,Самара,39
815,2026-08-17 01:19:03,Казань,41
816,2026-07-02 10:18:06,Екатеринбург,64
817,2025-11-30 06:48:49,Нижний Новгород,67
818,2026-02-02 02:35:15,Красноярск,56
819,2026-07-12 22:31:43,Санкт-Петербург,21
820,2026-04-09 20:02:58,Казань,28
821,2026-01-03 04:58:51,Красноярск,21
822,2026-02-07 18:14:29,Санкт-Петербург,35
823,2026-03-25 18:00:09,Самара,60
824,2026-04-29 13:59:08,Ростов-на-Дону,49
825,2026-03-02 20:05:20,Красноярск,46
826,2026-08-15 03:30:56,Ростов-на-Дону,35
827,2026-09-01 17:33:06,Новосибирск,66
828,2026-03-18 12:28:02,Уфа,25
829,2025-11-14 14:19:58,Нижний Новгород,45
830,2026-05-08 02:58:15,Санкт-Петербург,36
831,2026-07-13 11:38:20,Красноярск,49
832,2026-04-28 09:29:57,Уфа,60
833,2026-01-04 01:03:16,Екатеринбург,20
834,2026-05-17 20:23:01,Новосибирск,43
835,2025-11-25 03:46:40,Красноярск,21
836,2026-01-15 22:48:16,Москва,31
837,2026-05-13 07:14:25,Екатеринбург,31
838,2025-10-26 17:32:04,Казань,66
839,2026-04-04 10:47:19,Екатеринбург,36
840,2026-04-01 05:11:31,Нижний Новгород,25
841,2025-10-03 07:33:24,Москва,49
842,2026-02-24 23:12:47,Ростов-на-Дону,29
843,2026-09-05 06:42:02,Казань,42
844,2025-10-29 08:37:27,Уфа,63
845,2026-05-21 19:10:37,Новосибирск,50
846,2026-03-05 12:40:57,Уфа,60
847,2026-02-19 12:07:20,Нижний Новгород,22
848,2025-10-03 04:57:53,Ростов-на-Дону,65
849,2026-05-02 13:47:47,Москва,45
850,2026-08-23 19:44:54,Москва,47
851,2025-10-10 14:30:02,Санкт-Петербург,38
852,2026-07-26 11:09:49,Красноярск,45
853,2026-02-08 05:32:08,Красноярск,43
854,2025-12-27 00:40:54,Ростов-на-Дону,36
855,2026-01-14 19:30:21,Санкт-Петербург,43
856,2026-06-18 10:19:32,Москва,38
857,2026-03-19 12:58:11,Казань,69
858,2026-01-05 11:17:54,Красноярск,47
859,2025-12-22 21:24:40,Нижний Новгород,23
860,2026-01-02 22:24:19,Ростов-на-Дону,24
861,2025-10-16 06:17:29,Новосибирск,45
862,2026-03-12 08:25:44,Красноярск,43
863,2026-02-08 00:16:11,Уфа,23
864,2026-08-24 11:45:57,Ростов-на-Дону,37
865,2025-11-26 16:20:18,Нижний Новгород,32
866,2025-09-23 05:34:53,Нижний Новгород,67
867,2025-09-19 10:03:44,Казань,22
868,2026-03-21 20:22:40,Уфа,58
869,2025-09-15 15:06:09,Санкт-Петербург,51
870,2026-04-10 23:47:15,Уфа,30
871,2026-05-07 15:31:39,Нижний Новгород,40
872,2026-01-18 19:55:26,Казань,33
873,2026-02-11 05:11:02,Санкт-Петербург,27
874,2026-04-24 15:02:11,Екатеринбург,30
875,2026-06-23 03:02:33,Казань,56
876,2026-03-05 20:13:47,Казань,66
877,2026-08-18 18:30:34,Санкт-Петербург,29
878,2025-09-21 01:50:47,Самара,47
879,2026-02-27 03:37:37,Красноярск,66
880,2026-08-29 01:23:53,Красноярск,46
881,2025-11-09 16:02:25,Красноярск,59
882,2026-06-01 08:12:17,Красноярск,38
883,2026-03-19 18:34:02,Нижний Новгород,27
884,2026-07-08 17:47:28,Самара,22
885,2026-06-23 13:32:35,Самара,46
886,2026-01-12 08:40:24,Екатеринбург,68
887,2025-12-26 16:56:46,Екатеринбург,55
888,2026-01-06 20:08:02,Москва,40
889,2026-07-23 12:37:36,Уфа,22
890,2026-02-11 07:47:35,Екатеринбург,47
891,2026-01-05 00:15:10,Самара,20
892,2025-10-05 08:19:47,Москва,41
893,2025-11-03 23:04:01,Екатеринбург,22
894,2025-11-09 13:23:50,Санкт-Петербург,57
895,2026-02-25 21:28:44,Красноярск,50
896,2026-05-21 02:10:30,Ростов-на-Дону,47
897,2026-04-02 05:23:52,Красноярск,53
898,2026-06-01 04:45:00,Москва,46
899,2026-08-04 14:22:01,Красноярск,59
900,2026-05-03 15:07:00,Новосибирск,38
901,2026-09-07 19:36:20,Красноярск,48
902,2026-05-28 19:56:15,Уфа,27
903,2026-07-21 20:30:58,Москва,46
904,2026-01-30 19:18:34,Санкт-Петербург,69
905,2026-02-27 12:46:08,Нижний Новгород,63
906,2025-12-10 15:46:55,Санкт-Петербург,50
907,2025-11-23 13:41:13,Казань,20
908,2026-06-30 02:31:11,Новосибирск,63
909,2026-05-24 14:47:43,Самара,46
910,2026-06-02 04:54:25,Уфа,51
911,2026-04-15 23:32:17,Красноярск,28
912,2026-03-15 16:12:43,Нижний Новгород,41
913,2025-10-03 01:38:33,Екатеринбург,42
914,2026-04-12 06:30:24,Ростов-на-Дону,67
915,2026-05-22 12:54:23,Нижний Новгород,61
916,2026-03-02 06:15:12,Красноярск,21
917,2026-01-22 13:09:09,Нижний Новгород,22
918,2026-06-25 21:20:31,Нижний Новгород,24
919,2026-03-04 00:30:32,Уфа,61
920,2026-03-28 17:25:49,Ростов-на-Дону,36
921,2026-06-09 14:59:56,Екатеринбург,64
922,2025-12-29 04:13:22,Красноярск,27
923,2025-09-26 20:36:49,Нижний Новгород,23
924,2026-05-13 21:05:08,Красноярск,60
925,2025-09-18 18:27:40,Казань,40
926,2026-03-18 06:35:36,Екатеринбург,59
927,2025-11-08 23:52:12,Ростов-на-Дону,26
928,2026-07-08 03:21:55,Красноярск,63
929,2025-10-21 10:43:22,Санкт-Петербург,37
930,2026-04-05 04:28:11,Уфа,42
931,2026-08-10 07:56:27,Нижний Новгород,70
932,2025-09-11 21:18:18,Казань,60
933,2026-08-05 16:37:33,Уфа,23
934,2026-06-14 20:48:51,Ростов-на-Дону,50
935,2025-12-05 05:51:58,Нижний Новгород,19
936,2026-03-13 15:51:27,Нижний Новгород,37
937,2026-02-16 11:19:50,Казань,31
938,2026-03-16 04:27:38,Нижний Новгород,67
939,2025-12-25 03:24:24,Самара,30
940,2026-04-17 02:10:45,Новосибирск,26
941,2025-10-05 15:25:23,Казань,22
942,2025-10-26 00:38:21,Екатеринбург,68
943,2025-09-27 02:49:23,Санкт-Петербург,50
944,2026-03-27 16:56:06,Уфа,65
945,2026-07-01 05:44:07,Уфа,20
946,2026-03-28 08:35:12,Нижний Новгород,67
947,2026-04-23 11:35:53,Красноярск,26
948,2026-06-26 13:32:21,Красноярск,42
949,2025-09-10 11:47:12,Казань,28
950,2026-04-17 02:10:20,Казань,62
951,2026-06-24 22:00:39,Красноярск,69
952,2026-08-25 19:40:48,Казань,64
953,2026-03-05 07:26:51,Самара,20
954,2026-06-19 22:16:00,Ростов-на-Дону,41
955,2026-04-24 06:22:50,Новосибирск,46
956,2026-08-28 10:39:25,Красноярск,36
957,2025-12-03 03:09:26,Самара,32
958,2026-08-12 10:54:34,Уфа,33
959,2025-11-30 00:21:50,Екатеринбург,69
960,2025-12-22 14:12:29,Самара,30
961,2025-10-15 17:51:31,Нижний Новгород,61
962,2026-03-17 22:20:24,Красноярск,46
963,2026-02-28 23:04:39,Самара,67
964,2026-08-06 15:07:57,Екатеринбург,67
965,2025-10-20 02:58:54,Ростов-на-Дону,50
966,2026-06-06 14:43:17,Уфа,44
967,2026-05-15 20:55:13,Казань,70
968,2026-07-09 23:03:21,Новосибирск,69
969,2026-08-21 00:35:34,Красноярск,26
970,2025-09-10 16:14:09,Екатеринбург,21
971,2026-07-10 15:56:55,Самара,41
972,2025-12-23 04:04:00,Уфа,24
973,2025-10-21 01:12:13,Уфа,25
974,2025-11-12 07:00:28,Екатеринбург,23
975,2025-11-15 11:18:40,Казань,35
976,2026-06-10 01:22:50,Самара,50
977,2025-09-19 10:25:31,Казань,45
978,2025-10-22 09:16:50,Санкт-Петербург,32
979,2026-04-21 15:14:47,Самара,40
980,2026-03-27 01:43:24,Москва,44
981,2026-06-19 22:14:34,Москва,43
982,2026-01-15 11:49:05,Уфа,41
983,2026-03-06 13:01:42,Новосибирск,42
984,2026-07-14 14:34:47,Санкт-Петербург,41
985,2025-10-20 16:51:13,Новосибирск,19
986,2025-11-24 07:18:00,Нижний Новгород,24
987,2026-03-03 11:55:55,Нижний Новгород,68
988,2026-03-06 19:41:10,Казань,26
989,2026-08-22 23:49:11,Москва,36
990,2026-08-09 08:27:33,Самара,62
991,2026-04-02 21:49:10,Казань,66
992,2025-10-02 18:00:56,Самара,46
993,2025-11-09 21:41:33,Красноярск,18
994,2025-09-30 09:56:46,Санкт-Петербург,19
995,2026-06-12 17:48:54,Екатеринбург,31
996,2026-04-29 17:06:11,Казань,53
997,2026-06-15 16:06:36,Красноярск,51
998,2026-05-27 07:59:17,Ростов-на-Дону,25
999,2026-02-13 04:25:51,Екатеринбург,33
1000,2025-11-04 11:53:50,Екатеринбург,25
